upload_speed,download_speed
0.0,0.0
4.8935546875,5.1640625
10.5087890625,4.9619140625
0.3212890625,0.9677734375
0.107421875,0.12890625
4.9501953125,0.9326171875
0.1474609375,0.3076171875
5.0029296875,0.3388671875
0.0,0.0
4.984375,0.3916015625
0.0,0.0
5.00390625,0.314453125
0.083984375,0.3544921875
5.1181640625,0.25
